team,under_5_ft_fgm,under_5_ft_fga,_5to9_fgm,_5to9_fga,_10to14_fgm,_10to14_fga,_15to19_fgm,_15to19_fga,_20to24_fgm,_20to24_fga,_25to29_fgm,_25to29_fga,season
Atlanta Hawks,20,32,6,13.4,2.6,6.5,0.8,1.9,6.2,16.1,6.9,20.1,2024
Boston Celtics,15.8,23.8,3.6,7.6,2.4,5.5,1.6,4.1,5.2,13.5,12.3,33,2024
Brooklyn Nets,16.3,26.9,4.2,11,2.3,5.7,1.1,2.6,5.3,15.4,8.2,23.2,2024
Charlotte Hornets,15.8,26.9,5.2,12.4,2.3,6.6,1.5,3.8,4.7,12.5,8.5,25.6,2024
Chicago Bulls,18.3,30.1,5.4,10.6,2.1,4.6,1,2.8,6.1,16.1,9.6,26.9,2024
Cleveland Cavaliers,18.2,27.4,5.6,11.1,3.1,6.2,1.1,3,6.6,16.7,9.4,24.4,2024
Dallas Mavericks,18,27.3,5.5,12.7,3.2,7.2,1.9,4.7,5.7,15.7,7.5,20.1,2024
Denver Nuggets,22.9,34.6,5.1,10.6,2.5,5.9,2.2,5.2,5.4,12.9,7.5,20.3,2024
Detroit Pistons,19.4,30.4,5.4,12,3.2,7,1.5,4,4.8,12.6,8.2,22.8,2024
Golden State Warriors,17.3,27.7,4.5,11.1,2.1,5.3,1.5,3.9,5.2,13.9,10,27.7,2024
Houston Rockets,19,31.3,4.6,11.3,3.4,8,2,5.6,4.9,12.6,8,23.9,2024
Indiana Pacers,18.8,27.8,4.8,10.1,3.9,8.5,2.5,5.6,4.9,12.9,8.3,22.5,2024
LA Clippers,17.7,27.7,5.6,12.2,3.4,7.7,1.8,4.1,4.6,11.8,7.7,22.2,2024
Los Angeles Lakers,18.7,27.5,4,9.3,3,6.9,2.2,5.2,4.9,12.6,7.9,22.9,2024
Memphis Grizzlies,19.2,29.3,7.6,16.5,3.4,7.3,0.9,1.9,6.1,16.1,7.9,21.6,2024
Miami Heat,15.9,25.4,5.4,12.2,3.1,7.1,1.3,2.9,6.3,16.2,7.5,21.7,2024
Milwaukee Bucks,17.3,26.3,3,7.5,3.1,6.7,3.7,7.9,5.5,13,8.9,24,2024
Minnesota Timberwolves,17.4,27.2,4.1,10.2,2.4,6,1.1,2.7,7.1,18.2,8.3,22,2024
New Orleans Pelicans,18.4,30.3,4.5,11.4,3.3,7.8,2,4.9,5.1,13.9,7.3,21.3,2024
New York Knicks,19.3,30.3,5.3,11.3,4.1,8.1,1.9,4.6,5.4,15,7.5,19.5,2024
Oklahoma City Thunder,18,27.3,4.6,10.8,5,9.9,2.2,4.8,5,13.6,9.5,25.8,2024
Orlando Magic,17.4,27.4,4.3,10.2,2.6,6.7,2.1,5.3,4.8,14.1,6.3,20.8,2024
Philadelphia 76ers,18.2,29.6,3.7,8.9,2.6,5.9,2,4.7,4.3,11.3,8.5,25.4,2024
Phoenix Suns,12.8,19,5,10.6,5.6,11.6,2.9,6,6.4,15.6,8.1,22.2,2024
Portland Trail Blazers,19.9,33.1,3,8.4,2.2,5.2,2.1,4.8,5.2,14.4,7.8,22.3,2024
Sacramento Kings,16.6,24.3,5.4,11.7,4.4,9.2,3.5,7.8,5.5,13.5,7.8,23.5,2024
San Antonio Spurs,19.6,30.5,3.2,7.7,2.6,6,2.2,5,5.7,15.3,8.2,24.2,2024
Toronto Raptors,19.7,32.8,5.2,12.4,3.5,7.8,1.3,3.2,5.2,13.9,6.5,19.2,2024
Utah Jazz,16.8,26.1,5.9,13.2,2.6,6.2,0.9,2.7,6.3,16,7.7,23.3,2024
Washington Wizards,17.7,27.7,4.5,12.2,2.2,5.8,1.7,4.3,3.8,10.7,9.2,27.2,2024
Atlanta Hawks,18.3,30.3,4.5,10.5,4.2,8.6,1.9,4.2,5.9,15.2,7.9,22,2023
Boston Celtics,18.5,27.1,3.6,8.3,2.8,6.2,2.1,4.8,5.7,13.4,11.1,29.5,2023
Brooklyn Nets,18,29.1,4.1,10.2,3.2,7.3,1.8,4.8,6,15.3,7.5,21.7,2023
Charlotte Hornets,18.2,28.9,4.5,10.2,2.6,7.1,2.1,5.4,4.4,12,7.9,22.1,2023
Chicago Bulls,18,29.5,4.8,10.5,3.9,8,3.1,7.3,5.7,15.5,6.3,18.1,2023
Cleveland Cavaliers,19.2,30.3,4.7,10.3,2.4,5.4,1.5,3.5,5.1,13.6,8.5,22.8,2023
Dallas Mavericks,17.8,26.2,4.4,9.4,3.3,7.4,2.4,5.9,6.3,16.2,8.7,23.6,2023
Denver Nuggets,20.3,31.9,4.9,10.2,3.1,6.6,3.1,6.8,5.7,14.8,6.8,17.8,2023
Detroit Pistons,19,30.5,4.3,10.6,3.6,8.2,2.6,6.1,4.6,13.3,6.7,18.8,2023
Golden State Warriors,18.8,28.4,4.3,10.4,2.7,6.4,2.5,6.2,4.3,11,10.7,27.8,2023
Houston Rockets,19.8,32.3,3.3,8.9,3,6.5,2.3,5.5,4.5,11.6,8.8,25.4,2023
Indiana Pacers,22.3,33.8,5,10.6,3.9,7.9,2.1,4,4.9,12.2,8.6,23.4,2023
LA Clippers,18,27.8,4.7,9.9,4.2,8.7,2.5,6,4.9,12.4,8,21.4,2023
Los Angeles Lakers,22.1,32,4,9.9,3.2,7.3,2.1,5.6,4.5,12.1,7.4,19.6,2023
Memphis Grizzlies,16.4,28.4,5,12.1,2.3,5.7,1.1,3,5.3,15.2,8,22.9,2023
Miami Heat,15.5,25.1,6.2,12.8,3.4,8.4,1.8,4.6,5.6,14,7.3,20.3,2023
Milwaukee Bucks,18.9,27.9,3.5,8,3,6.9,2.8,6.3,5.7,13.9,8.8,24.2,2023
Minnesota Timberwolves,18.6,28.9,5.1,11.8,3,6.6,1.3,3.6,6.7,16.6,6.4,17,2023
New Orleans Pelicans,19.2,30.3,4.7,11,3.3,7.2,2.5,5.3,5.5,13.2,7.2,19.6,2023
New York Knicks,17.2,28.3,5.1,11.1,3.6,8.2,1.9,4.6,6.1,15.6,7.3,20.6,2023
Oklahoma City Thunder,19.4,29.6,4.5,9.9,4.6,8.9,2.3,5.2,6,14.7,7.7,20.6,2023
Orlando Magic,21.2,32.4,3.6,9.2,2.5,6.4,2,4.9,4.3,11.4,6.9,19.8,2023
Philadelphia 76ers,18.9,31,4.2,10.6,3.5,7.8,2.4,5.3,4.3,10.8,8.2,23.2,2023
Phoenix Suns,16.8,25.7,4.2,9.4,4.9,9.9,3.7,7.6,5,12.3,7.6,20.7,2023
Portland Trail Blazers,18,31,3.5,10.3,3,7.4,3,6.8,4.9,13.1,6.7,20.2,2023
Sacramento Kings,18,27.3,5.4,11.2,3.4,7.6,1.8,4.6,5.5,14.4,9.2,25.4,2023
San Antonio Spurs,19.8,30.9,4.4,10.7,2.9,7,1.8,4.8,5,13.9,7.9,23,2023
Toronto Raptors,20.7,31.8,5.1,12.2,2.7,6.7,2,4.9,4.5,12.5,7.3,21,2023
Utah Jazz,19,29.2,6.3,14.7,2.4,5.8,1.1,2.9,5.6,15.4,7.5,21.3,2023
Washington Wizards,21.3,32.3,4.7,11.9,2.7,6.7,1.5,3.7,4.4,11.6,8.1,23.4,2023
Atlanta Hawks,19.2,30,4.8,10.8,5.4,10.9,3.8,8.1,5.1,14.2,6,17.2,2022
Boston Celtics,18,27.3,3.8,8.8,2.3,4.9,1.7,4,5.7,14.5,10.7,28.7,2022
Brooklyn Nets,16,24.8,4.1,9.1,4.3,8.9,3.4,6.7,5.8,14.5,7.8,20.5,2022
Charlotte Hornets,20.6,33,4.5,11.8,2.9,6.9,2,4.9,4.3,12.3,6.7,20.4,2022
Chicago Bulls,19,29.2,3.6,7.8,3.9,8.1,4.3,9.6,5.7,14.7,5.9,17,2022
Cleveland Cavaliers,19.5,29.1,5.1,11.8,3.2,7.1,1.6,4.2,4.4,12.1,7.3,19.7,2022
Dallas Mavericks,16.1,24.3,4,8.3,2.8,5.7,1.5,4,6.8,17.1,8.6,23.6,2022
Denver Nuggets,21.9,32.2,4.2,9.1,2.4,5.9,2.7,6.3,5.1,12.7,7.2,19.4,2022
Detroit Pistons,17.2,27.7,4.3,11.2,3.7,8.3,2.5,6.2,4.9,13.2,6.8,19.5,2022
Golden State Warriors,17.7,26,3.9,9,2.2,5.4,2.2,5.2,5,13.2,11.7,29.4,2022
Houston Rockets,21.5,35.2,4.3,11.1,2.3,5.2,1.8,4.5,3.3,9.1,7.3,23,2022
Indiana Pacers,19.7,32.1,4.1,9.3,2.7,6.4,1.4,3.5,5.1,13.2,8.7,24.2,2022
LA Clippers,17,27,3.9,8.3,3.5,7.9,3.3,7.6,5.3,13.4,7.9,21.3,2022
Los Angeles Lakers,21.8,33.6,3.9,8.7,3,7.1,2.9,6.8,4.5,12.4,6.7,19.7,2022
Memphis Grizzlies,20.9,32.9,5.5,12.7,3.8,8.5,1,2.8,5.5,14.2,6.8,20.2,2022
Miami Heat,15.2,24.1,5.3,11.5,4.4,9.2,1.9,4.5,4.9,13,7.4,22.4,2022
Milwaukee Bucks,18.2,27.6,3.5,7.9,2.8,6.6,2.9,6.6,5,13.7,10.1,27.2,2022
Minnesota Timberwolves,21.2,32.4,4.8,10.7,2.5,5.6,1.8,4,6,15.7,6.6,18.4,2022
New Orleans Pelicans,20.1,31.5,4.7,11.4,3.6,7.6,2.2,5.6,4.3,11.8,6.9,19,2022
New York Knicks,18.6,29.5,5.6,11.9,3.2,7.5,1.6,3.8,6.3,16.5,6.7,19.8,2022
Oklahoma City Thunder,20.6,34.4,4.5,11.2,3.7,7.6,1.7,4.1,4.8,12.5,7.6,22.2,2022
Orlando Magic,19.9,30.8,3.8,9.7,2.8,6.6,2.7,6.6,4.4,11.1,6.9,20.9,2022
Philadelphia 76ers,17.6,27.7,4.2,9.7,3.5,7.8,2.5,5.1,4.7,12.1,8.2,20.8,2022
Phoenix Suns,14.8,23.3,5.4,12.4,5.4,12,3.8,8.4,6,14.9,6.6,18.6,2022
Portland Trail Blazers,19.6,31,3.2,7.9,2.2,5,1.9,4.3,4.5,12.5,8.4,22.8,2022
Sacramento Kings,20.1,29.8,4.7,9.6,2.6,6,2,4.5,5.6,14.5,8.4,23.3,2022
San Antonio Spurs,20.3,32.6,5.3,12.6,3.8,9.2,2.1,5.1,4.4,11.9,7.1,20.6,2022
Toronto Raptors,19.2,30,5.4,12.7,3,7.5,2.7,6.8,4.9,13.4,6.6,19.9,2022
Utah Jazz,18.9,29.1,5.9,13,2.6,6,1.2,2.7,5.9,15.1,7.9,23.2,2022
Washington Wizards,19.1,27.7,4.9,11.8,3.4,7.6,3.1,6.8,4,10.2,7.5,21.6,2022
Atlanta Hawks,16.8,27,4.1,9.3,3.7,8.6,2.8,5.9,6.1,15.3,7.3,20.1,2021
Boston Celtics,18.2,27.5,3.8,9.3,2.4,5.9,2.5,5.8,5.7,14.8,8,23.4,2021
Brooklyn Nets,16.8,27.2,4,9.1,4.7,9.9,4.2,8.7,5.5,14.2,6.6,18.8,2021
Charlotte Hornets,21.1,33.6,3.4,9.1,2.2,5.5,1.7,3.9,5.8,15.3,8.3,22.9,2021
Chicago Bulls,17.4,27.2,3.8,8.5,4,8.7,4.8,11,5.9,14.7,5.8,16.2,2021
Cleveland Cavaliers,18.9,29.2,4.1,10.3,2.7,6.5,2.1,4.8,4.4,12.5,6.9,19.4,2021
Dallas Mavericks,15.5,23.1,4.2,9.5,3.7,8,2.3,5.7,6,15.6,7.4,21.9,2021
Denver Nuggets,19.4,29.1,4.2,8.9,2.2,5,2.6,6.1,5.3,14.2,7.8,22.3,2021
Detroit Pistons,18.5,31.4,3.4,8.9,2.1,5.9,2.2,5.9,4.8,13.8,7.1,21.9,2021
Golden State Warriors,18.1,26.9,3.4,8.3,2.1,5,2.1,5.5,4.9,13.5,9.6,25.3,2021
Houston Rockets,21.2,34.3,2.7,7.2,0.9,2.9,0.9,2.6,3.7,10.5,9.8,28,2021
Indiana Pacers,19.9,31.4,3.3,8.2,2.9,7.1,2.6,5.8,5.2,14.5,7.4,21.7,2021
LA Clippers,15.5,25,4.2,9.2,3.8,8.6,3.2,8.7,5.1,13,8.2,22.3,2021
Los Angeles Lakers,21.4,32.9,2.1,6.1,2.5,6.1,3,7.1,5,14,7.3,21.7,2021
Memphis Grizzlies,19.6,31.8,6.5,15.2,3.9,9.4,1.6,4,4.9,13.3,7,20,2021
Miami Heat,16,24.9,3.9,9.5,3.6,7.9,1.9,5,6.1,14.9,7.9,21.5,2021
Milwaukee Bucks,17.5,26.6,3.7,8.8,3.5,7.9,2.5,6,5.2,13.4,9.3,25.9,2021
Minnesota Timberwolves,19.3,31.1,3.6,8.9,2,4.5,1.4,3.9,7.1,19.5,8,22.4,2021
New Orleans Pelicans,18.4,30,4.3,10,3.5,7.4,2.7,6.6,4.9,13.9,6.3,19.5,2021
New York Knicks,16.2,27,3.1,8.4,2.5,6.6,2.1,5.3,5.9,16,7.9,22.5,2021
Oklahoma City Thunder,17,29.2,5.1,12.5,2.4,5.5,1.4,3.6,4.6,13.1,7.7,24.4,2021
Orlando Magic,17.6,28.9,4.1,10.8,2.2,5.1,1.8,5.2,4.9,14,7.6,23.6,2021
Philadelphia 76ers,16.8,26.3,4.2,10.4,3.6,8.5,2.7,6.2,4.9,12.6,7,19.8,2021
Phoenix Suns,16,24.2,6.1,12.8,5.6,11.3,3.7,8.3,5.4,13.5,6.8,19.4,2021
Portland Trail Blazers,17.2,29.4,3.4,8.3,2.3,5.5,2.2,5,5.5,15,7.8,22.8,2021
Sacramento Kings,18.2,28.7,4.5,11.2,3.1,7.5,2.8,6.3,4.9,13.4,6.9,20.6,2021
San Antonio Spurs,18.7,30.3,5.5,12.5,4.4,9.8,3,7.2,4.5,12.1,7,20.3,2021
Toronto Raptors,16.5,27.2,5.3,12.4,3.1,7.5,2.9,7.6,5.4,14,7.3,21.7,2021
Utah Jazz,17.3,26.1,5.2,11.6,2.4,5.4,0.8,1.9,6.1,16.3,8.5,23.8,2021
Washington Wizards,19,28.5,4,10.3,3.1,7.3,3.3,7.6,4.4,11.6,6.5,19.9,2021
Atlanta Hawks,17.1,28.1,4.2,10,4.3,9.4,2.1,4.6,5.4,13.6,7.2,19.8,2020
Boston Celtics,17.7,27.6,4.1,10.2,2.9,7,2.4,6,5.5,13.7,8.6,23.6,2020
Brooklyn Nets,18.7,29.3,4,8.6,3.7,7.6,2,4.4,5.9,14.4,8.7,22.4,2020
Charlotte Hornets,18.2,31.1,3.4,8.2,2.3,5.4,1.8,4.4,5.4,13.7,8.6,23.9,2020
Chicago Bulls,19.2,30.7,4.2,9.4,2.7,6.3,2.5,5.7,6,15.1,7.5,20.8,2020
Cleveland Cavaliers,19.1,32.4,5.1,12.3,2.5,6.3,1.4,3.8,3.8,10.9,6.4,19.3,2020
Dallas Mavericks,16.3,25,3.7,8.4,3.9,8.2,2.9,6.5,5.3,14,8.6,24,2020
Denver Nuggets,18.4,28.4,5.2,11,3.1,7,3.1,7,5.8,13.9,7.6,21.3,2020
Detroit Pistons,19.3,31.6,3.6,9.7,1.8,5.1,2,4.8,4.4,12.7,7.5,21.3,2020
Golden State Warriors,18.1,27.9,3.3,8.1,2.2,5.4,2.1,5.6,5.6,14.1,9.2,24.8,2020
Houston Rockets,20.2,32.4,2.4,6.6,1.2,3.3,1.1,3.9,5.7,15.2,8.5,26.1,2020
Indiana Pacers,21.6,35.6,4,9.3,2.8,6.4,2.1,4.8,4.4,11.2,8.2,23.2,2020
LA Clippers,15.8,25.2,3.4,8.1,3.9,8.4,3.8,8.9,6.5,14.4,8.4,21.2,2020
Los Angeles Lakers,20.2,31.4,3.4,7.8,3.1,7.6,2.3,6.3,4.9,13.7,6.6,18.7,2020
Memphis Grizzlies,18.1,29.4,6.1,13.8,5.3,11.9,1.8,4.1,5.2,13.9,6.3,18.4,2020
Miami Heat,17.7,26.9,3.1,7.2,2.9,6.8,2.2,5.5,4.8,13.1,8.5,23.5,2020
Milwaukee Bucks,19.3,29.3,3.4,8.4,3.8,8.1,2.9,7,5.2,12.4,10,25.9,2020
Minnesota Timberwolves,20.1,33.6,3.7,9.2,1.7,4.7,1.5,4.5,6.5,17.2,7.3,21.2,2020
New Orleans Pelicans,22.4,36.5,3.4,8.2,2.7,6.4,2.6,5.8,5.2,14,6.1,17.7,2020
New York Knicks,16.3,28.1,4,10.3,3.4,8.5,3.1,7.4,6.1,14.5,6.4,17.2,2020
Oklahoma City Thunder,18.6,31.9,4,10.1,2.3,5.6,1.6,4.1,5,13.8,7.1,21.7,2020
Orlando Magic,14.8,25.7,4.1,11.2,3.8,8.8,3.5,8.8,4.6,12.7,7.4,21.8,2020
Philadelphia 76ers,17.1,27.7,4.7,11,4,8.5,3.5,7.7,4.9,12.1,7.1,19.5,2020
Phoenix Suns,15.4,23.6,4.5,9,5.4,10.7,4,8.3,6.5,15.2,7.3,20.9,2020
Portland Trail Blazers,16.4,28,2.3,6.4,2.7,6.3,3,6.9,6,15.5,10,25.7,2020
Sacramento Kings,18.9,29.3,5.1,11.7,4,8.1,1.9,4.8,5.6,13.8,7,20.2,2020
San Antonio Spurs,17.5,28.7,4.6,11,4.6,10.7,4.4,10,4.3,11.4,6.4,18.4,2020
Toronto Raptors,17.7,29.6,3.1,8.5,2,4.9,1.8,4.5,5.5,14.9,9.3,24.9,2020
Utah Jazz,15.9,25.4,4.8,10.6,2.5,5.5,0.8,2.3,7.4,19.2,9.7,24.4,2020
Washington Wizards,19.4,29.8,5.6,12.6,2.9,7.2,4.1,9.7,4.2,11.8,6.8,19,2020
Atlanta Hawks,19.6,31.5,3.6,8.9,3,7.7,1.9,4.7,4.1,12.3,7.9,23.5,2019
Boston Celtics,19.1,31.9,3.3,8.3,3,6.9,2.6,6.1,4.8,11.9,8.5,23.8,2019
Brooklyn Nets,21,35.2,2.4,6.7,2,5.5,1.5,3.5,5.8,16.2,7.6,22.4,2019
Charlotte Hornets,18.7,32.8,3.4,9.7,1.6,4.7,1.1,3.1,4.5,12.3,7.8,22.5,2019
Chicago Bulls,20.7,35.5,3.1,8.1,1.8,4.5,1.4,3.8,5.3,14.4,7.3,21.7,2019
Cleveland Cavaliers,18.9,31.9,4.3,10.3,3.4,7.5,2,5.1,4.2,11.1,7.2,20.9,2019
Dallas Mavericks,17.7,27.1,3.7,9.7,2.6,6.5,2,4.6,6,14.9,9.4,26.4,2019
Denver Nuggets,19.7,31.3,3.8,9.4,3.2,7.8,3.5,7.7,6.1,15.6,5.8,16.6,2019
Detroit Pistons,19.5,32.6,3.8,10,2,5.4,1.7,4,5.5,13.9,6.8,19.2,2019
Golden State Warriors,16.6,27.6,3.3,8.5,3.3,8.2,3.9,9.6,4.1,11.2,7.1,21.5,2019
Houston Rockets,20,32,2.3,6.2,1.2,3.2,1.2,3,5.9,15.7,9.9,29.5,2019
Indiana Pacers,19.5,31.6,3.4,8.1,4,8.7,4.2,9.8,4.5,11.6,6.4,18.1,2019
LA Clippers,18.6,30.3,3.8,8.9,3.3,7.5,2.9,7.1,5.9,14.7,7.1,20.1,2019
Los Angeles Lakers,22.8,34,2.5,6.8,2.5,6,2.8,7.6,5.2,13.6,6.4,19.5,2019
Memphis Grizzlies,19.8,31.7,5.7,12.8,3.7,8.4,1.8,4.5,4.7,12.6,6.8,20.2,2019
Miami Heat,17.6,27.1,3,7.8,2.6,6.4,2.4,6.1,5.6,14.5,8.1,21.4,2019
Milwaukee Bucks,20.3,30.8,3.1,7.9,2.9,6.4,2.6,5.6,4.8,12.2,9.6,27.6,2019
Minnesota Timberwolves,20.5,34.3,3.3,8.9,1.6,4.3,1.1,3.1,5.1,14.9,8.7,25.6,2019
New Orleans Pelicans,21.1,34,2.7,7.5,2.4,6.1,2,5.4,6.3,16.1,7.9,21.9,2019
New York Knicks,19.5,33.3,3.6,8.9,2.6,6.5,3.4,8.9,5.2,14,5.7,17.3,2019
Oklahoma City Thunder,17.3,28.2,3.5,8.7,3.9,8.7,3.8,8,4.4,11.6,7,19.5,2019
Orlando Magic,17.4,28.5,3.5,8.8,3.5,8.6,3.1,8.1,4.2,11.8,7.6,22.3,2019
Philadelphia 76ers,18.4,29.2,4,9.5,3.3,8.3,3,7.4,4.4,11.3,8,21.9,2019
Phoenix Suns,19.2,30.9,3.2,8,4.1,9,2.6,6.5,5.2,14,6.8,19.3,2019
Portland Trail Blazers,17.7,29.9,3.1,7.6,3.9,8.8,3.7,8.5,5.8,14.5,7.2,19.7,2019
Sacramento Kings,17.9,28.8,4.2,10.1,2.7,6.7,2.7,5.8,5.7,15.6,7.6,20.8,2019
San Antonio Spurs,15.5,25,4.5,9.9,4.9,10.8,5.2,11.8,5.5,13.6,6.5,17.8,2019
Toronto Raptors,20.2,34.1,2.7,6.8,1.6,4.3,1.4,3.9,5.6,14.4,8.7,23.8,2019
Utah Jazz,17.6,28.2,4.2,10.3,2.8,6.6,1.6,3.6,6.7,16.8,7.1,19,2019
Washington Wizards,18.8,30.2,2.7,7.9,3.3,8,4.1,10.1,4.1,11.2,8.2,22.5,2019
Atlanta Hawks,21.1,35.4,2.8,7.4,2.5,6.7,1.4,3.9,5.6,15.3,7.5,21.7,2018
Boston Celtics,17.6,28.1,3.2,7.7,3.8,8.7,3.9,8.8,5.2,14.7,8.3,22.1,2018
Brooklyn Nets,19.7,33.6,3,8.2,2.8,6.4,1.6,4.2,4.9,14,8.2,22.8,2018
Charlotte Hornets,18.3,31.7,3.6,9.1,2.6,6,2.9,6.8,5.2,13.5,7.6,21.9,2018
Chicago Bulls,19.2,33.2,4.7,10.8,2.9,7.6,2.8,7.5,4.6,12.1,5.6,16.3,2018
Cleveland Cavaliers,17,29.3,3.9,10,3.4,8.3,3.3,8.2,4.6,12.4,6.5,18.8,2018
Dallas Mavericks,18,28.5,3.2,8.4,2.6,6.6,1.9,5.2,5.5,14.9,7.4,22.4,2018
Denver Nuggets,19.6,32.3,4.6,10.9,3.6,7.8,2.4,6,6.4,16.8,5.2,15.8,2018
Detroit Pistons,18.1,31.1,3.5,9.5,1.8,5.1,2.8,6.5,5.4,14.5,7,20.8,2018
Golden State Warriors,17.4,26.1,2.5,5.9,4.3,9.2,5.5,11.2,5.4,13,8.7,23.1,2018
Houston Rockets,17.6,28.6,2.7,6.8,1.7,3.9,0.9,2,6.1,16.9,10,28.2,2018
Indiana Pacers,19.8,32.4,3.4,8.4,2.6,6.2,4.4,11.1,4.8,11.5,6.2,16.9,2018
LA Clippers,19.8,33.8,4,9.5,3.5,8.2,3.2,7.9,4.6,12,6.2,15.8,2018
Los Angeles Lakers,24.1,38.3,2.5,6.9,2.2,5.9,2.6,6.5,4.4,12.4,6.7,20,2018
Memphis Grizzlies,17.2,28.3,4.4,10.7,2.7,7.3,2.5,6.4,5.1,14.1,5.9,17.1,2018
Miami Heat,19.6,31.9,3.3,9.2,2.9,7.5,2,5.5,5.6,15.6,6.1,17.9,2018
Milwaukee Bucks,23.2,35.8,2.3,6.4,2.1,4.9,1.9,4.7,4.5,11.8,9.3,27.1,2018
Minnesota Timberwolves,19.3,31.8,4.3,10.6,2.9,7.5,3.5,8.9,6.1,16.3,5.4,15.7,2018
New Orleans Pelicans,22.5,35.6,4.9,11.7,3.4,7.4,2,5.6,4.6,13.4,6.3,18.1,2018
New York Knicks,18.1,31.8,2.5,7.1,2.9,7.6,3.3,8.6,4.8,13.1,6.6,19.6,2018
Oklahoma City Thunder,21.5,35.5,3.3,8.7,3,7.7,2.8,7.7,6.1,16.3,5.9,17.4,2018
Orlando Magic,17,27.5,3.8,8.9,2.8,7.3,3.9,9.8,5.5,14.3,7.3,21,2018
Philadelphia 76ers,19.8,31.1,3.6,8.7,3.2,7.9,3,7.5,4.4,11.5,7.5,21,2018
Phoenix Suns,19.2,31.1,3.6,8.9,3.9,8.6,3.2,7.6,4.5,13.2,5.7,17.4,2018
Portland Trail Blazers,20.5,34.6,2.8,7.3,3,6.7,3.9,8.3,5.3,14.8,6.5,18,2018
Sacramento Kings,20.2,33,4.2,11.4,3.1,7.5,3.4,8.6,5.6,14.7,6.6,17.4,2018
San Antonio Spurs,14.9,23.5,5.2,11.2,5.2,11.6,5.4,12.9,5.3,12.6,6.2,16.1,2018
Toronto Raptors,19.6,31.6,3.6,8.3,3,6.9,2.9,6.3,6.6,16.1,6.4,19.3,2018
Utah Jazz,21,33.3,2.5,7.1,2.2,5.5,1.9,4.2,7.5,19.9,5.3,15.6,2018
Washington Wizards,21.1,32.7,3.1,7.2,2.2,6,3.4,8.1,5,14.1,7.2,21.4,2018
Atlanta Hawks,17,28.9,2.1,6.2,2.8,7,3.5,8.8,7.4,18.6,5.3,15.5,2017
Boston Celtics,15.7,27.4,3,8,2.9,7.4,4,9,5.5,13.7,7.1,19,2017
Brooklyn Nets,17.2,29,3.5,9.5,2.4,6,1.8,4.7,5.8,16.4,7.3,20.4,2017
Charlotte Hornets,16.8,28.1,3.7,9.5,3.4,8.1,4,10.5,4,11.1,7,18.6,2017
Chicago Bulls,16.1,28.1,3.7,9.2,2.6,7.1,3.5,8.9,6.1,16.1,6.6,19,2017
Cleveland Cavaliers,19,28.4,2.3,6.3,2.6,6.4,3.2,7.6,6.4,16.9,6.8,18.4,2017
Dallas Mavericks,15.2,25.1,2.9,7.1,2.9,7.6,3.9,9.4,6.5,16.6,6.7,19.5,2017
Denver Nuggets,19.4,31.8,3.9,9.7,3,6.6,2.2,5.6,5.9,15.3,6.2,17,2017
Detroit Pistons,16.8,28.5,3.6,10.1,3.2,7.5,3.7,9.1,5,13.1,6.8,18.1,2017
Golden State Warriors,17.5,26.1,2.6,6.1,4.7,9.7,5.3,11.3,4.9,11.6,7.7,19.6,2017
Houston Rockets,17.7,28.2,1.7,4.8,1.8,4.2,1.8,3.6,6.4,15.9,9.1,26.3,2017
Indiana Pacers,17.9,29.5,3.2,7.6,2.9,6.4,5.9,14,5,12.1,5.9,16.3,2017
LA Clippers,21.6,35.2,3.2,8.5,2.5,5.8,2.6,6.6,4.6,12.8,5.7,16,2017
Los Angeles Lakers,21.6,34.7,3.2,8.5,2.1,6.1,3,7.6,4.2,11.5,6.7,19.5,2017
Memphis Grizzlies,17.4,29.9,2.6,7.5,2.6,6.9,3,7.8,4.9,13.3,6.1,16.9,2017
Miami Heat,18.3,29.7,3.2,8.1,2.6,6.8,2.8,7.5,5.7,15.2,6.2,17.5,2017
Milwaukee Bucks,19.1,30.5,3.2,7.8,3.4,7.5,4.1,9.7,4.5,11.7,5.4,15.5,2017
Minnesota Timberwolves,18,28.1,5.1,11.6,4.1,9.2,4.1,10.5,5.5,13.7,4.2,12.2,2017
New Orleans Pelicans,20.1,31.6,4.7,10.2,3.2,7.3,3.1,7.6,5.8,14.9,5.6,16.3,2017
New York Knicks,17.6,28.9,3.9,9.3,4.4,9.9,4.4,11.1,5.2,12.7,5.2,15.2,2017
Oklahoma City Thunder,18.6,30.8,2.2,5.5,3,7.4,4,10.4,6.5,17.5,5.6,15.7,2017
Orlando Magic,17.8,28.1,3.6,9.5,2.7,7.5,3.2,8.3,4.4,11.8,7,20.1,2017
Philadelphia 76ers,19,29.4,3.4,8.7,3,7.9,3,7.2,4.6,11.3,7.9,21.6,2017
Phoenix Suns,18.7,31.7,3.1,8.2,3.5,8.6,3.1,8.1,4.6,13.2,5.5,16.7,2017
Portland Trail Blazers,16.9,29.6,3.3,8.5,3.5,7.9,3.8,9,5.6,14.9,6.1,16.5,2017
Sacramento Kings,15.6,26.3,4.8,12.2,3.1,8,4.6,11.5,5.8,14.6,4.8,13,2017
San Antonio Spurs,16.5,26.7,4.1,10.1,4.2,10.2,4.4,10.5,5.3,13.8,4.6,13.6,2017
Toronto Raptors,19.7,31.1,3.4,8.3,3,7.1,2.7,6.2,5.5,14.7,6.9,19.3,2017
Utah Jazz,17.7,28.4,2.8,7.6,2.7,6.9,3,7.5,6.3,16.5,5.6,15.3,2017
Washington Wizards,15.9,25.6,3.7,8.8,4.2,9.7,4.9,11.6,4.5,11.9,6.6,17.5,2017
Atlanta Hawks,18.3,31.3,2.3,6.5,2.2,5.7,5,11.8,6.5,17.9,3.6,10.8,2016
Boston Celtics,17.4,29.2,2.9,7,2,4.8,3.1,7.4,7.3,19.1,5.9,17,2016
Brooklyn Nets,18.4,31.8,3.9,9.3,2.2,5.5,1.9,5.4,6.6,18.5,4.8,14.1,2016
Charlotte Hornets,15.9,27,3.3,8.4,2.7,6.4,4.7,12.2,5.9,16.2,5.1,14.8,2016
Chicago Bulls,16.8,29,4.4,9.9,3.1,8,5.2,13.5,6,16.1,3.1,10.3,2016
Cleveland Cavaliers,17,26.8,2.4,6.7,2.4,6,3.9,8.5,8.3,21.1,5.7,15.1,2016
Dallas Mavericks,12.2,20.1,3,6.9,3.2,7.1,5.8,14.3,8.1,21.9,3.9,11.6,2016
Denver Nuggets,20.9,35,3.3,7.6,2.1,5.5,3,7.5,6.5,17.2,5.3,14.5,2016
Detroit Pistons,15.5,26.2,5.3,12.8,4.2,9.5,6.4,14.7,4.1,10.9,4.3,13.9,2016
Golden State Warriors,19.6,29.8,2.3,5.5,3.3,7.7,4.7,10.2,5.9,14,7.1,18.9,2016
Houston Rockets,20.7,32.7,2.2,6.2,1.1,3.1,1.5,3.8,6.3,17.1,8.3,23.7,2016
Indiana Pacers,16,26.7,4,9.4,2.9,7.1,5.9,14.3,5.8,14.4,4.4,12,2016
LA Clippers,17.3,27.6,2,5,2.2,4.9,5.8,13.4,7,17.1,5.2,14,2016
Los Angeles Lakers,18.8,32,4.2,10.4,2.6,7,3.8,9.6,5.4,14.8,4.3,12.8,2016
Memphis Grizzlies,16,28.9,3.5,8.5,2.4,6.5,3.5,8.8,5.8,15.6,5,14.5,2016
Miami Heat,17.5,29.3,4.1,10.1,2.5,6.5,3.8,9.7,7.6,19.5,3.5,10.2,2016
Milwaukee Bucks,20.7,33.9,3.5,9.1,1.7,4.7,3.3,8.2,4.8,12.8,4.6,12.6,2016
Minnesota Timberwolves,18.4,30.3,4.2,9.3,2.3,6.1,5.4,13.3,6.5,16.9,2.6,8.2,2016
New Orleans Pelicans,17.5,29.4,3.9,9.7,2.7,6.3,4.3,10.9,5.5,15.1,5.2,15.1,2016
New York Knicks,16.7,29.7,2.8,7.3,4.1,9.3,5.9,13.5,6.8,17.5,3.3,10.7,2016
Oklahoma City Thunder,20.7,35.1,3.2,7.9,2.7,6.9,3.8,10.1,6.2,17.8,2.9,9.2,2016
Orlando Magic,16,27,4.4,10.7,3,7.3,4.9,12.4,5.2,14.7,4.7,14.4,2016
Philadelphia 76ers,18.7,31.6,2.8,7.5,2.4,6.3,2.9,8,5.4,14.7,5.3,16.7,2016
Phoenix Suns,18.8,32,3.9,8.7,3.3,8.3,5.1,12.8,5.4,15.6,3.5,10.6,2016
Portland Trail Blazers,17.2,30.4,3.2,7.4,2.7,6,4.7,10.9,6.9,18.3,4.8,12.4,2016
Sacramento Kings,17,28.5,3.4,8.8,2.5,6.3,4.6,11.2,6.4,16.2,3.8,10.6,2016
San Antonio Spurs,15.3,25,4.2,9.6,2.9,7.4,6.2,14.6,7.7,17.8,3.1,9,2016
Toronto Raptors,16.7,28,3.9,9.1,3.5,7.9,5,11.8,5.7,15,4.3,12.1,2016
Utah Jazz,17,28,3.3,7.7,2.9,6.8,3.2,8.4,7.5,20,3,8.1,2016
Washington Wizards,18.1,29.9,3.5,8.3,3,7.3,6,13.6,5.1,13.5,5.5,13.9,2016
Atlanta Hawks,18.4,31,2.6,6.8,2.2,5.1,4.3,10.3,8.1,21.9,3,9,2015
Boston Celtics,19,32.6,3.2,8.4,2.5,6.7,4.1,11.4,6.4,17.7,4,12.2,2015
Brooklyn Nets,16.6,28.9,5.6,12.9,3,7.2,5.2,13.3,5.6,15.3,2.3,6.6,2015
Charlotte Hornets,14.8,25.9,3.4,8.1,2.3,6.3,4.7,11.6,6.3,16,5.5,16.2,2015
Chicago Bulls,16.7,30.5,3.4,9.1,3,7.9,5.9,14.3,6.3,16,3.3,9.3,2015
Cleveland Cavaliers,16.7,26.9,3.6,9.1,2.3,6.2,4.1,9.1,7.1,19,4.8,13.4,2015
Dallas Mavericks,14.9,24.7,3.1,8.2,3.1,7.3,5.1,12,7.9,21.4,3.2,10,2015
Denver Nuggets,19.5,35.4,2.9,7.4,1.9,5.2,3.6,9.2,6.2,16.9,3.6,10.9,2015
Detroit Pistons,16.9,29.7,4.5,11.5,2.9,7.1,4,9.7,5,13.6,4.7,14,2015
Golden State Warriors,18.7,30.2,2.6,6.9,2.9,6.8,3.8,8.8,6.9,16.7,7.2,17,2015
Houston Rockets,19.3,32.6,3,7.9,1.8,4.3,2.4,6.2,7.6,21.2,3.6,10.8,2015
Indiana Pacers,16.7,27.4,2.9,7,3,7.2,6.1,16.1,5.9,16.4,3.7,10.6,2015
LA Clippers,15.7,24.9,2.2,5.5,2.3,5.5,6.3,14.8,7.1,17.9,4.5,12.9,2015
Los Angeles Lakers,14.6,26.6,3.7,8.8,3,8,5,13.5,5.3,16.2,3.4,11,2015
Memphis Grizzlies,17.5,31.9,4,10.1,2.8,7,4.8,12.1,5.5,15.1,2.3,7,2015
Miami Heat,18.4,29.1,3.7,9.2,3.2,7.9,5.8,14.5,5.7,15.4,1.5,5.1,2015
Milwaukee Bucks,21,35.9,3.8,9.7,2.9,6.8,4.3,11.6,3.8,10.5,2.5,7.2,2015
Minnesota Timberwolves,17.8,28.6,3.6,8.6,2.4,6.2,5.9,15.2,6,15.4,2.2,7,2015
New Orleans Pelicans,17.1,30.1,3.2,8.3,2.6,6.8,5.3,12.6,6.2,16.6,4,11,2015
New York Knicks,14,25.2,3.6,8.3,3.7,9.3,6.5,15.1,6.1,16.3,3,9.4,2015
Oklahoma City Thunder,19.5,32.6,3.2,6.8,4,8.5,5.5,12.4,6,17.3,2.9,8.3,2015
Orlando Magic,17.3,29.4,3.9,9.3,2.6,6.3,6.3,14.8,6,16.2,3.5,10.3,2015
Philadelphia 76ers,18,31.5,3.2,8.5,2.3,6.3,2.7,8.1,5,14,5,15,2015
Phoenix Suns,17.3,30.5,3,8.1,2.5,6,4.1,11.4,6.5,18,3.8,11,2015
Portland Trail Blazers,16.2,28.9,2.7,7,2.6,5.9,5,11.7,8.1,20.7,3.9,11.1,2015
Sacramento Kings,20.2,33.9,4.2,11,1.7,4.2,4,10,6.3,16.6,3.6,10.2,2015
San Antonio Spurs,16.7,26.2,4.4,10.1,3.8,8.6,7,16.3,5.7,14.4,2.4,6.8,2015
Toronto Raptors,16.8,29.2,3.5,8.5,2.8,7.1,4,10.2,5.9,15.9,3.6,9.8,2015
Utah Jazz,16.2,28,3.7,8.9,3.1,7.7,3.6,9.3,7.5,20.6,2,5.7,2015
Washington Wizards,17.3,28.6,3.1,7.4,3.1,7.3,5.6,14.4,5.7,14.7,4.5,12.8,2015
Atlanta Hawks,16.8,28.6,3.3,8,2,5,4.7,10.8,7.2,17.6,4,11.5,2014
Boston Celtics,17.1,29.4,3,7.8,2.7,6.7,6.1,14.8,6.1,16.8,3.8,12,2014
Brooklyn Nets,15.9,27.5,5.7,12.4,3.2,8,4.6,11.6,5.4,15.3,2.6,7.6,2014
Charlotte Hornets,13.8,25.5,3.8,9.7,2.8,7.5,7.4,18.4,3.9,10.7,3.8,12.2,2014
Chicago Bulls,16.9,30.6,3.3,8.2,2.4,6.4,4.4,11.2,5.8,15.4,3.8,10.7,2014
Cleveland Cavaliers,17.1,28.2,3.2,8.8,2.2,6.2,4,8.6,6,16,5,13.9,2014
Dallas Mavericks,17.9,29.3,3,7.5,2.5,5.9,5.6,13.1,7.5,19.8,3.2,10,2014
Denver Nuggets,18.4,32.2,3.2,9.3,2.3,5.6,4.5,11.7,5.5,15.7,3.9,12.3,2014
Detroit Pistons,18.3,33.4,3.8,10.9,1.5,4.2,3.6,9.1,4.9,13.1,4.9,14.5,2014
Golden State Warriors,18.2,28.9,3.3,8.6,3.3,7.4,4.8,11.4,5.8,14,6.2,16.2,2014
Houston Rockets,18.4,31.4,4,9.7,1.1,3.1,1.5,4.6,8,21.5,4,12.7,2014
Indiana Pacers,14.1,25,3.9,9.8,2.7,7,6.6,16,4.9,12.8,4.3,12.3,2014
Los Angeles Clippers,15.4,24.4,2.4,5.8,2.6,6,6.5,14.8,7.7,18.4,4.8,13.4,2014
Los Angeles Lakers,16.4,28,2.8,7.5,3.2,8.4,6.3,17.1,5.1,14.6,3.4,9.7,2014
Memphis Grizzlies,17.9,30.3,4.6,11.5,3.7,8.6,5,12.7,4.2,11.6,2.4,7.3,2014
Miami Heat,15.9,26.3,3.2,7.4,3,7.1,5.1,12.6,5.5,15.9,2.5,7.5,2014
Milwaukee Bucks,18.1,31.7,2.7,7.2,2.8,6.6,6.1,14.8,4.8,12.4,3.1,9.1,2014
Minnesota Timberwolves,16.7,28.9,3.5,9.6,3.2,8,5.8,15.2,5.2,14.9,2,6.3,2014
New Orleans Pelicans,19,33.9,2.9,7.5,2.5,6.1,4.7,11.9,5.3,13.2,3.5,9.8,2014
New York Knicks,13.4,24.7,2.5,7.1,3,7.8,7,16.5,5.5,15.1,3.6,10.4,2014
Oklahoma City Thunder,18.2,32,3.3,8,3.5,7.5,5.3,13.8,6.1,17.5,2.5,7.7,2014
Orlando Magic,17.7,30.9,4.2,10.4,2.4,6.2,5,11.8,4.8,13.2,3.4,10,2014
Philadelphia 76ers,17.9,33.2,2.4,7.7,1.3,4.2,2.9,8.7,4.2,12.9,4.9,15.6,2014
Phoenix Suns,17.7,29.2,3,7.9,3.6,8.4,4.8,12.1,6.6,18.6,3,9.3,2014
Portland Trail Blazers,15.5,25.4,3.1,7.5,2.8,7.4,5.5,13.5,7.6,20.5,4.1,11.2,2014
Sacramento Kings,18.5,32.2,3.7,9.9,2.3,5.6,5.2,12.9,4.9,13.3,2.2,6.3,2014
San Antonio Spurs,17,28.1,5.5,12,2.9,7,4.3,10.7,6.3,16.3,3.1,9.2,2014
Toronto Raptors,16.7,27.8,4.2,9.6,2.8,6.7,4.3,10.9,5.8,15.2,4.1,12.7,2014
Utah Jazz,17.7,29.1,2.6,8,2.3,5.8,4,10.5,6.1,17.4,2.6,7.9,2014
Washington Wizards,17.2,27.6,3,7.9,3.4,8.5,6.8,17.2,4.6,12.3,3.3,8.9,2014
Atlanta Hawks,15.8,26.5,3.8,9.1,2.8,6.6,4.6,11,6.1,16.1,4.2,11.9,2013
Boston Celtics,15.6,27.9,2.6,7.5,2.7,6.7,6.1,14.9,6.2,16,3.3,10.6,2013
Brooklyn Nets,14.6,24.6,3.7,8.7,3,7,4.5,11,6,15.4,3.9,10.8,2013
Charlotte Bobcats,16.1,27.9,3.5,8.3,2.9,7.1,6.6,17.7,3.3,9.8,3.8,10.7,2013
Chicago Bulls,15.8,28.7,2.4,7,2.4,6.5,5.9,14.9,5.7,14.5,2.5,8.2,2013
Cleveland Cavaliers,14.9,27.2,4,10,3.2,8.4,6.2,15.1,5,13.5,3.6,10,2013
Dallas Mavericks,16.3,26.3,3.5,8.6,3.9,9,5.5,12.6,7.2,17.7,3.2,8.9,2013
Denver Nuggets,19.4,33.1,3.3,9.1,1.8,5.1,4,11.2,5.8,14.8,4.1,12.1,2013
Detroit Pistons,22,37.5,3.8,10.7,1.6,4.5,4.1,11,4.1,11.5,3.3,11.3,2013
Golden State Warriors,16.5,27.5,4.2,10.1,2.7,7,5.1,12.4,5.7,13.7,5.1,14.1,2013
Houston Rockets,21.2,35.2,4,9.5,1.2,3.2,1.4,4.2,5.3,15,4.8,13.2,2013
Indiana Pacers,14.8,25.8,3.7,9.2,2.9,7.7,6.4,14.9,4.4,11.2,3.8,10.9,2013
Los Angeles Clippers,18.1,27.4,2.1,5.9,2.5,5.9,5.9,14.3,6.8,16.9,3.7,11.5,2013
Los Angeles Lakers,16.2,27.5,3.3,8.6,2.9,7.7,4.8,12.2,6.2,15.3,4.8,13.5,2013
Memphis Grizzlies,18,30.5,5.1,12.4,3.2,7.7,5.1,12.7,4.6,12.1,2.1,6.2,2013
Miami Heat,19.3,28.7,2.8,6.2,2,4.8,4.6,10.7,6.7,16.9,2.9,8.9,2013
Milwaukee Bucks,17.1,31,3,8.5,2.5,6.5,5.3,12.8,4.2,11.9,4,11.1,2013
Minnesota Timberwolves,20.2,34.3,3.2,8.7,2.2,6.2,4.1,11.8,6.3,17.4,2.8,8.8,2013
New Orleans Pelicans,18.7,33.7,3.2,8.7,2.9,6.8,5.5,13.5,4.5,11.3,3,7.9,2013
New York Knicks,14.5,24.9,1.8,5,2.6,6.5,6.9,16,6.9,17.3,4.1,11.8,2013
Oklahoma City Thunder,17.1,27.9,3.2,7.7,3.7,8.4,5.7,13.8,6.4,16.3,2.6,8.2,2013
Orlando Magic,15.3,27,3.4,8.5,2.8,6.7,6.4,15.5,5.6,15.2,3.4,9.4,2013
Philadelphia 76ers,21,38.3,3.4,9.1,2.2,6.1,3.6,9.3,3.8,10.6,3.9,13.4,2013
Phoenix Suns,17.3,28.5,3,8.1,3.1,7.6,4.8,10.9,6.9,18.5,3.5,9.5,2013
Portland Trail Blazers,15.6,26.5,2.8,7.6,2.9,7.3,6.1,14.4,7.9,20.7,3.8,10.2,2013
Sacramento Kings,16.9,28.8,4.5,11.6,2.7,6.7,5.1,12.7,4.9,13.7,2.8,8.7,2013
San Antonio Spurs,18.6,29.2,4.3,10.2,2.2,5.7,5.7,13.6,6.6,16,3.2,8.4,2013
Toronto Raptors,15.1,25.9,3.8,9.5,2.4,6.2,5.1,12.9,5.9,15.8,4.2,11.3,2013
Utah Jazz,16.8,28.5,3.3,8.7,2.5,6.8,4.2,11.4,7.3,19.9,1.8,5.4,2013
Washington Wizards,17.2,27.5,2.9,7.6,2.7,7.2,6.3,16.4,5.7,14.7,3.8,10.3,2013
Atlanta Hawks,17.2,27.1,3,8,1.6,4.5,5.1,13.1,6.6,16.8,4.1,11.3,2012
Boston Celtics,15.5,26.9,2.5,6.4,3.4,7.6,7.2,16.4,6,14.8,2.4,7.1,2012
Brooklyn Nets,15.8,27.6,4.3,10.3,2.5,6.5,4.5,10.8,6.1,16.3,2.7,8,2012
Charlotte Bobcats,16.2,30,2.6,7.8,2.3,6.6,6.4,15.7,3.4,10.2,3.5,10.4,2012
Chicago Bulls,16.9,29.5,2.3,6.9,3.1,8.4,6.1,16.4,5,13.4,2.3,6.9,2012
Cleveland Cavaliers,15.9,29.3,3.7,10,3,8,5.5,12.6,4.5,12.6,3.9,11.2,2012
Dallas Mavericks,14.7,24.8,4.6,10.6,4.2,10.4,6.4,14.4,6,15.5,2.9,7.9,2012
Denver Nuggets,25.5,41.5,3.1,8.5,1.7,4.9,3.4,9.2,4.4,12.9,2.7,7.6,2012
Detroit Pistons,20,35.2,3.1,8.6,1.5,4.4,4.3,12,3.8,10.4,3.6,10,2012
Golden State Warriors,14.6,25.1,3.7,9.5,2.9,7.7,6.9,16.6,5.3,12,4.7,12,2012
Houston Rockets,20.5,34.4,2.4,6.7,1,3.2,2.3,6,7.5,19.3,4.3,12.7,2012
Indiana Pacers,15.7,27.6,3.8,9.6,2.6,7.2,5.1,13.2,4,11.2,3.9,11.2,2012
Los Angeles Clippers,18.6,29,3,7.3,2.4,5.5,5.2,12.7,5.6,14.8,3.7,10.9,2012
Los Angeles Lakers,17.4,29,2.8,7.5,2.3,5.5,4.1,10.3,6.2,16,4.2,12.2,2012
Memphis Grizzlies,16.3,29.9,4.2,10.9,3.3,8.2,5.3,13,4.9,12.8,2,6.3,2012
Miami Heat,17.5,26.4,2.6,6.5,2.3,5.9,5.4,12.4,7.6,17.7,2.9,8.1,2012
Milwaukee Bucks,18.2,32.8,2.5,7.9,3.1,7.9,5.7,14.8,4.5,12.4,4.1,11.6,2012
Minnesota Timberwolves,17.8,31,2.5,7.4,1.8,4.7,6.3,14.9,5.1,15.6,2.3,7.8,2012
New Orleans Hornets,16.9,30.4,4.2,10.3,2.2,5.9,4.6,11.4,4.4,11.5,3.8,10.4,2012
New York Knicks,15.3,26.6,1.6,4,1.7,4.6,5.2,12.7,8.1,20.1,4.5,12.8,2012
Oklahoma City Thunder,17.2,27.3,3.1,7.6,3.5,8.1,6.1,14.1,6,15.5,2.1,6.4,2012
Orlando Magic,17,28.8,4.1,9.5,2.9,7.4,5.6,14.4,5,13.9,3.1,10,2012
Philadelphia 76ers,15.5,27.4,3.1,7.6,3.7,8.9,7.6,19.6,4.7,12.4,2.8,7.8,2012
Phoenix Suns,16.7,28,3.2,9,2.7,7.2,6.4,15.8,5.8,16.4,2.5,7.5,2012
Portland Trail Blazers,15.8,27.3,2.5,6.2,2.6,6.1,5.2,12.8,7.4,19.4,3.2,9.6,2012
Sacramento Kings,18.5,32.2,3.9,10.1,2,5.2,4.2,11.7,6.1,16.2,2.9,8.5,2012
San Antonio Spurs,18.4,29.7,3.7,9.1,2.5,5.9,5.3,11.9,6.4,16.7,3,7.8,2012
Toronto Raptors,15.3,25.5,3.4,7.8,3.2,7.8,5.3,14.1,5.5,15.5,3.7,10.5,2012
Utah Jazz,17.1,28.7,3.7,9.4,2.5,6.5,5.6,14.2,6.2,16.7,2.1,5.9,2012
Washington Wizards,13.6,24.3,4.2,9.6,3.2,8.7,6.2,16.5,5.4,13.3,2.9,8.8,2012
Atlanta Hawks,16.3,26.9,3.2,8,1.7,4.3,5.7,14.9,6.8,18.5,3.1,8.1,2011
Boston Celtics,14.5,24.8,2.2,5.7,3.3,8.1,7.9,18.4,5.5,13.9,2,6,2011
Charlotte Bobcats,14.9,26.8,2.1,6.4,2.4,6.4,8,21,3.7,11.5,2.1,7.6,2011
Chicago Bulls,16.7,29.1,3.1,7.2,2.7,7,6.9,17.4,5.3,14.1,2.8,7.5,2011
Cleveland Cavaliers,17.5,31.9,3.3,9.9,1.7,5.2,3.6,10.4,5.6,15.9,2.6,7.8,2011
Dallas Mavericks,14.5,24,3.3,9.3,4,9.7,5.6,12.7,6.5,18.4,2.5,7.5,2011
Denver Nuggets,23.1,38.2,2.9,7.3,2.1,5,3.2,8.4,5.2,14.2,2.5,8.3,2011
Detroit Pistons,16.9,30.7,3.4,9.1,2.3,6.5,5.7,14.8,3.7,9.8,2.7,7.9,2011
Golden State Warriors,15.6,26.7,3,8.4,2.3,5.7,6.6,15.8,6,14.2,4.2,11.3,2011
Houston Rockets,16.1,27.3,3.9,10.6,2.9,7.8,6.1,14.5,5.8,14.9,2.8,8.5,2011
Indiana Pacers,15.8,29.2,4.2,10.6,3.1,8.1,5.8,14.8,3.7,10.3,3,8.1,2011
Los Angeles Clippers,16.5,26.8,2.6,6.9,1.9,4.7,6,15,6.2,16.6,3.8,10.8,2011
Los Angeles Lakers,16.3,27,4.4,10.9,3.1,7.8,5.1,12.3,5.3,13.7,2.5,8.6,2011
Memphis Grizzlies,17.1,29.6,4.4,10.7,3.5,9,5.4,14,4.3,11.8,2.1,6.4,2011
Miami Heat,17.4,28.2,3.4,8.6,3.1,7.1,6.1,15.1,5.3,14.2,1.8,5.5,2011
Milwaukee Bucks,17.6,31.1,2.9,7.8,3.1,7.5,6.3,16.1,4.4,12.3,3.5,10.3,2011
Minnesota Timberwolves,17.2,29.7,3,8.7,1.7,5.4,4.5,11,6.7,18.9,2.6,8.2,2011
New Jersey Nets,13.4,24.8,2.8,6.6,2.9,7.5,6.3,15.7,5.9,17,3,8.6,2011
New Orleans Hornets,15.3,26.8,3.9,9.8,3.5,8.7,6.7,16,3.5,9.8,1.9,5.8,2011
New York Knicks,18.1,30.3,1.8,5.8,2.1,5.4,4.3,11.8,6.6,18.4,3,8.8,2011
Oklahoma City Thunder,17.4,28.2,2.7,6.9,2.9,7.5,6.2,13.8,6.2,16.1,1.8,6.4,2011
Orlando Magic,15.9,27.2,2.8,7.1,1.3,3.9,3,8.7,6.5,16.6,5,14.2,2011
Philadelphia 76ers,14.4,24.7,4,9.8,4.8,11.9,7.8,19.4,3.4,9.2,3,8.1,2011
Phoenix Suns,15.8,25.4,3.7,9.1,2.8,7.1,6.5,14.6,6.5,17.8,2.7,8.2,2011
Portland Trail Blazers,16.5,29,2.6,6.5,2,5.9,5.6,13.8,7.5,19.2,2.1,7.2,2011
Sacramento Kings,20.3,35.5,3.5,9.9,1.8,5.2,4.2,11.5,5.4,15.8,2.5,8.2,2011
San Antonio Spurs,17.6,28.5,4.6,11.2,2.6,6.3,5,12.1,7.4,17.4,2.3,7,2011
Toronto Raptors,15.4,25.8,2.7,7.1,2.4,6,5.7,15.8,6,16.8,2,6.1,2011
Utah Jazz,19.8,32.5,4.7,11.5,2.6,7.9,5.2,14.1,4.3,12.8,1.5,4.6,2011
Washington Wizards,17.7,29.9,3.4,8.9,2.3,7,6.1,15.7,5,13.7,2.1,7.4,2011
Atlanta Hawks,13.8,22.8,4,9.1,2.2,5.8,7.3,16.4,6.5,16.5,2.5,7.5,2010
Boston Celtics,17.4,27.8,2.6,6.5,3,6.7,6.9,16.2,5.5,13.6,1.4,4.8,2010
Charlotte Bobcats,17.3,30.6,2.5,6.6,2.1,5.6,6.4,15.8,4.1,10.6,2.6,8.2,2010
Chicago Bulls,17.9,30.2,2.4,6.3,2.2,5.8,6.3,15.5,5.7,15,2.6,7.1,2010
Cleveland Cavaliers,16.1,28.1,3.7,10.4,2,6.1,5.1,12.9,5.4,14.7,2.9,8.5,2010
Dallas Mavericks,14.5,22.7,3.7,9,3.3,7.7,6.5,13.9,7.2,18.5,2.3,6.4,2010
Denver Nuggets,19.7,33.3,2.1,5.6,1.5,4,5.3,12.4,6,15.1,3.7,9.8,2010
Detroit Pistons,17.2,28.7,3.2,8.4,2.9,8,6.4,16.1,5,12.3,2.6,7.2,2010
Golden State Warriors,17.7,29.5,3.2,8.8,1.9,5.7,6.6,15.6,6,15.3,4.1,10.6,2010
Houston Rockets,17,28.7,4.2,11,2.4,6.1,5.3,12.8,6.4,16.3,3.2,9.7,2010
Indiana Pacers,15.5,26.8,3.2,8.6,2.7,7.2,6.7,16,4.6,12.4,3.8,11.4,2010
Los Angeles Clippers,19.9,32.9,2.8,7.9,1.7,4.8,4.4,11.7,4.7,13,3.3,9.7,2010
Los Angeles Lakers,17.1,27.7,4.2,10.4,3.5,7.9,5.1,12.5,5,14.4,3.1,9,2010
Memphis Grizzlies,20,33.1,5.2,12.8,2.7,6.9,5.3,13.3,4.3,11.4,1.5,4.8,2010
Miami Heat,15.4,23.6,2.9,6.8,2.3,6,6.9,15.7,7.2,17.3,2.2,6.9,2010
Milwaukee Bucks,14.1,25.7,3.3,8.9,2.9,7.5,6.4,15.9,5,12.6,2.7,8.8,2010
Minnesota Timberwolves,15.2,27.2,5,13.3,2.5,6.4,5.5,13.1,6.9,17.2,2.5,7.7,2010
New Jersey Nets,14.3,25.3,4.6,11,2.8,7.4,6.3,15.7,5.4,14.5,2.2,6.5,2010
New Orleans Hornets,14,23.9,4.2,10.2,2.9,7.5,7.5,16.7,5.2,14.1,2,5.4,2010
New York Knicks,17,27.9,3.1,8.2,2.1,5.4,4.7,11.9,7.8,18.8,3.6,11.2,2010
Oklahoma City Thunder,17.7,28.1,2.6,7.7,3.1,7.6,6.7,16.1,5.5,15,1.9,5.8,2010
Orlando Magic,15.4,24.6,2.9,7.6,2.4,5.8,4.5,10.6,6.5,16.4,4.4,12.5,2010
Philadelphia 76ers,16,26.1,3.9,9.6,4.1,10.4,7.3,17.8,4,9.9,2.8,8.2,2010
Phoenix Suns,16.6,26.2,3.5,8.9,3.3,7.5,5.3,13,7.1,18.5,3.4,9.2,2010
Portland Trail Blazers,16.8,27.8,3.2,8.5,2.8,7.3,4.9,13.3,6.8,18.3,1.5,4.8,2010
Sacramento Kings,18.5,31.1,3.5,10.1,2.8,7,6.3,16.5,5.2,13.5,1.9,6.4,2010
San Antonio Spurs,16.2,26.5,4.9,11.1,2.7,6.9,5,12,7.1,17.7,2.5,6.4,2010
Toronto Raptors,18.7,31.4,3.5,8.3,2.9,6.7,6.3,15.5,5.5,15.1,1.5,4.9,2010
Utah Jazz,17.5,28.9,3.8,9.5,2.9,7.1,5.8,14.3,5.7,15.4,1.7,4.9,2010
Washington Wizards,16.8,28.8,3.5,9.1,3,8.3,7,17.9,4.7,12.9,2,6.4,2010
Atlanta Hawks,17.4,28.2,4.3,10.2,2.2,5.5,7,16.5,5.3,14.9,2.6,7.2,2009
Boston Celtics,18.2,29.3,3.2,7.4,2.9,6.8,4.4,10.4,6.2,16.2,2.2,6.4,2009
Charlotte Bobcats,18.7,32.5,2.5,6.5,1.6,4.5,5,13.1,4.2,12,2.8,7.9,2009
Chicago Bulls,16.2,28.8,3.4,7.5,2.7,6.5,8.2,20.2,5.6,14.6,1.5,5.3,2009
Cleveland Cavaliers,18.3,28.3,3.4,7.5,1.7,4.7,4.3,11.7,7.4,18,2.6,7.4,2009
Dallas Mavericks,14.7,24.8,3.7,8.9,3.6,8.6,7.7,17.4,6.3,15.9,2.4,6.5,2009
Denver Nuggets,18.4,30,2.9,7.6,2.2,5.6,5.6,14.2,5.6,13.8,3.4,9.8,2009
Detroit Pistons,15.6,27,3.5,8.7,3.6,8.8,6.9,17.1,3.9,10.9,2.4,7.5,2009
Golden State Warriors,17.8,29.1,2.5,6.4,2.4,6.1,7.2,17,6.5,16,4.1,11.3,2009
Houston Rockets,17.3,30.8,4.3,9.8,2.1,5.8,4.6,11.6,6,16,3.4,10,2009
Indiana Pacers,15.6,27,3.1,7.5,2.5,6.3,5.6,14.6,5.1,13.7,4.8,13.7,2009
Los Angeles Clippers,17.5,29.3,3.2,7.3,2.6,7.1,5.8,14.5,4.4,12.3,3.1,9.5,2009
Los Angeles Lakers,16.6,28,4.5,10.6,3.5,8.3,5.1,12.3,5.2,13.9,3.4,10.2,2009
Memphis Grizzlies,19.7,33.1,5.1,12,2.8,7.2,5.2,12.6,4.6,12.4,1.8,5.9,2009
Miami Heat,14.6,23.3,3.3,7.4,3,7.7,7.9,19.6,5.1,14,2.4,7.2,2009
Milwaukee Bucks,14.7,26.8,3.6,8.9,2.8,7.5,6.7,15.7,5.4,14.2,4,11.9,2009
Minnesota Timberwolves,16.8,28.2,4.8,11.8,3.8,9.9,5.8,14.9,4.9,13.2,1.8,5.9,2009
New Jersey Nets,16.2,28.9,3.3,8.7,2.6,7.5,5.9,15.4,4.8,14.3,1.4,4.7,2009
New Orleans Hornets,16.7,28,3.7,8.6,3.2,8,6,14.2,6.1,15.4,2.9,9,2009
New York Knicks,17.6,29.1,2.2,5.6,1.9,4.4,5,12,7.3,19.6,4.1,12.6,2009
Oklahoma City Thunder,17.5,29.1,3.3,7.9,3.4,8.3,6.6,16.7,5.2,14.3,1.4,4.5,2009
Orlando Magic,15.6,25.1,3.7,7.9,2,5,3.5,8.6,7.2,17.7,4.6,13.1,2009
Philadelphia 76ers,16.7,27.5,3.4,8.4,3.4,9.1,6.7,15.9,4.7,12.1,2.7,8.3,2009
Phoenix Suns,17.2,27.5,4.4,9.6,2.7,6.3,5.6,13.5,7,16.4,3.7,9,2009
Portland Trail Blazers,14.8,24,3,7.2,3.2,8,6.6,16,7.4,18.8,1.3,4.2,2009
Sacramento Kings,18.1,30.8,3.8,10.1,2.4,5.5,6.2,15.8,5.9,15.5,1.9,6,2009
San Antonio Spurs,17.9,28.5,3.6,8.7,2.7,6.8,5.8,14.2,6.3,17.2,2.1,5.5,2009
Toronto Raptors,17.3,27.7,3.5,7.9,2.9,6.6,6.5,14.5,6.3,16.9,2.5,6.6,2009
Utah Jazz,20.7,33.2,2.9,7.2,2.2,5.3,6.1,14.3,5.8,15,1.6,4.8,2009
Washington Wizards,15,26.2,3.4,8.7,3,7.3,7.4,18.7,5.3,13.5,2.4,6.7,2009
Atlanta Hawks,15.1,24.6,3.9,8.9,2.6,6.3,5.4,14.3,5,12.8,4,11,2008
Boston Celtics,17.5,28.7,2.5,6.3,2.7,6.4,5.8,13.1,7.2,17.1,1.8,5.2,2008
Charlotte Bobcats,16.8,30.2,2.7,7.2,2,5,5.6,13,4.8,12.6,3.1,8.3,2008
Chicago Bulls,16.4,29,2.2,5.6,2.5,6.5,8,18.9,6.3,15.8,2.8,7.4,2008
Cleveland Cavaliers,14.7,23.5,2.5,6.4,2.2,5.8,6.1,14.6,8.4,20,3,8.1,2008
Dallas Mavericks,13.8,23.6,2.3,5.8,4.4,10.1,8.8,18.9,6.6,17,2.3,6.7,2008
Denver Nuggets,19,31.1,2.7,6.7,1.5,4.6,5.5,13.7,5.3,13.5,3.4,9.2,2008
Detroit Pistons,13.9,23.7,3,6.4,3.8,9.3,9,22,4.6,12.3,2.1,6,2008
Golden State Warriors,18.4,31.5,2.7,6.9,2.2,6,6.5,16.4,5.9,14.3,3.6,10.5,2008
Houston Rockets,15.1,26.9,4.6,10.4,2.9,7.2,4.1,10.2,5.3,13.9,4,10.5,2008
Indiana Pacers,16.7,29.4,3.1,7.7,3,7.2,6.7,16.1,4.7,12.8,4.9,12.8,2008
Los Angeles Clippers,16.9,29.6,2.9,7.5,2.4,6.3,5,13.6,5.3,13.4,3.5,10.6,2008
Los Angeles Lakers,18,29.3,4.4,10.5,3.5,8,5.5,13.4,5.6,14.3,3.3,9.2,2008
Memphis Grizzlies,15.5,27.8,4.2,10.4,2.4,6.3,5.2,12.2,5.2,13.3,2.4,6.8,2008
Miami Heat,14.5,24.1,3.3,7.8,2.7,6.8,7.4,17,6.5,18.2,2.4,6.6,2008
Milwaukee Bucks,15,26.8,3.5,8.1,3,7.8,7.2,17.7,4.8,12.6,3.1,8.9,2008
Minnesota Timberwolves,16.6,29.7,3.6,9,2.5,6.8,5.2,12.9,6,15.9,2.6,7.8,2008
New Jersey Nets,15.5,27.1,2.6,6.2,2.4,6.4,5.3,13.5,6.7,17.5,3.1,8.7,2008
New Orleans Hornets,13.9,23,3.9,8.8,3.1,8.4,6,14.7,6.3,15.4,2.2,7,2008
New York Knicks,18.1,31.8,2.5,6.3,2,5.6,3.9,10.6,7.8,19.5,4.1,12.4,2008
Oklahoma City Thunder,17.9,30.5,2.8,8.3,3.1,8.5,6.8,17.9,4.4,12.2,1.6,4.2,2008
Orlando Magic,14.5,23.7,3.3,8.3,2.6,6.3,3.9,10,7.2,18.2,4.2,11.5,2008
Philadelphia 76ers,18.9,32,2.7,7.4,3.1,8.1,6.2,15.1,3.6,10.1,2,6.4,2008
Phoenix Suns,20.6,31.5,5,11.5,2.5,6.3,5,11.5,5.2,12.9,2.8,7.5,2008
Portland Trail Blazers,15.4,25.6,3.3,7.7,2.7,6.9,5.6,13.6,8.2,20.6,1.6,4.3,2008
Sacramento Kings,15.4,26.8,3,8.2,2.5,6.1,6.2,15.2,6.8,17.1,2.6,7.7,2008
San Antonio Spurs,13.8,23.2,3.7,8.1,2.6,6.3,6.9,16.6,7.7,18.9,2.3,6.3,2008
Toronto Raptors,13.4,22.9,3.4,8,3.1,8.4,8.3,19.6,6.6,15.5,2.3,6.5,2008
Utah Jazz,19.9,33,2,5.8,2.2,5.5,6.8,15.8,6,15.6,1.6,4.7,2008
Washington Wizards,17.1,29.5,3.5,8.8,2.5,6.5,6.2,15.7,4.6,12.7,2.6,7.6,2008
Atlanta Hawks,17.1,29,3.8,9.3,2,6,7,18,3.6,9.5,2.7,7.6,2007
Boston Celtics,16.3,27.8,2.5,5.8,2.4,6,5.4,12.3,7,16.3,2.9,8.1,2007
Charlotte Bobcats,16.6,28.7,3,7.5,2.2,6.1,5.5,14.3,6,15.3,2.7,7.6,2007
Chicago Bulls,14.4,26.9,2.7,7.2,2.9,7.6,7.4,18,6.8,16.9,2.2,6.7,2007
Cleveland Cavaliers,16.4,28,2.5,6.8,2.2,6.6,5.5,14.5,6.7,18,2.5,7.4,2007
Dallas Mavericks,13.5,22.7,2.7,6.9,4.6,10.5,8.2,17.5,5.7,15.2,2.2,6,2007
Denver Nuggets,20,32.5,2.9,7.3,2.5,6.3,6.3,15.5,5.6,14.7,3.1,8.9,2007
Detroit Pistons,13.3,22,2.3,5.9,3.8,9.5,8.5,19.6,5.1,13.4,3.5,9.1,2007
Golden State Warriors,21.6,36,2.2,6.1,1.7,4.5,4.7,11.8,6.1,16.5,5,14.8,2007
Houston Rockets,15.8,27.1,3.7,9.1,2.5,6.3,5,12.4,5.8,15.8,3.7,10.7,2007
Indiana Pacers,15.1,25.8,2.8,7,2.8,7.4,5.6,14.2,6.5,16.6,5,13.8,2007
Los Angeles Clippers,13.2,22.6,3.3,8,3.6,9.2,7.1,17.9,4.9,13.2,2.3,7.3,2007
Los Angeles Lakers,18.2,29.4,2.9,7,2.4,6.1,5.2,12.9,7.1,17,3.7,10.4,2007
Memphis Grizzlies,17.1,28.8,4,9.5,2.3,6.3,4.1,10.5,5.6,14.5,4,11.8,2007
Miami Heat,13.6,22.5,2.6,7,2.1,5.9,7.3,18.1,6.2,16.5,2.5,6.7,2007
Milwaukee Bucks,16.5,30.2,3.7,9.2,2.6,7.2,6.5,14.6,4.7,11.9,2.8,8.8,2007
Minnesota Timberwolves,16.2,28.6,5.2,12,2.8,7.6,5.5,13.9,5.5,13.6,2.2,6.7,2007
New Jersey Nets,15.9,28.7,1.9,5.3,2,5.3,6.3,15.2,6.7,17.4,2,6.2,2007
New Orleans Hornets,15.1,25,4.3,9.9,2.9,7.1,6.5,15.9,7,17,2.8,7.7,2007
New York Knicks,17.4,31.7,3.3,8.7,2.1,6.3,5.4,13,5.5,14.6,2.5,7.6,2007
Orlando Magic,17.1,27.4,3.2,8.1,2.5,6.3,3,7.7,7.7,18.7,3.7,10.2,2007
Philadelphia 76ers,18.7,31,3,7.6,3.7,9.5,6.7,16.8,3.5,9.9,1.6,5.5,2007
Phoenix Suns,17.9,26.9,3.6,8.3,2.8,6.3,6.6,14.8,7.3,17.5,3.2,8.6,2007
Portland Trail Blazers,11.1,19.3,3.8,8.7,3,7.4,7.1,16.9,9.3,23.2,1.4,3.8,2007
Sacramento Kings,16.7,28.4,3,8,2.1,5.7,6.3,14.4,6.8,16.9,2.2,6.4,2007
San Antonio Spurs,14.4,23.3,3.2,8.5,2.8,7,6.2,15.1,7.4,18.6,1.8,5.6,2007
Seattle SuperSonics,15.9,27.9,4,10.4,3.3,9.2,8.4,20.1,4.6,12.5,1.8,5.5,2007
Toronto Raptors,14.1,23.7,2.5,5.7,2.9,6.8,9,20.4,7.4,18.8,2.6,6.3,2007
Utah Jazz,20.2,32.1,2.5,6,2.4,5.9,7.1,16.6,6.5,15.4,1.3,4.1,2007
Washington Wizards,15.8,26.4,3.5,8.7,2.2,6.2,5.3,14.3,5.9,15.5,3.7,10,2007
Atlanta Hawks,16.6,29.7,2.2,5.5,1.9,5.1,7.4,19.1,4,10.5,2.4,7.5,2006
Boston Celtics,15.8,28.5,3.3,8.4,2.2,5.9,5.5,14.4,6.1,15.5,1.9,5.7,2006
Charlotte Bobcats,16.4,29.1,3.1,8.5,2.1,5.8,6.5,16.6,6.1,15,1.9,5.7,2006
Chicago Bulls,14.5,25.9,2.6,6.7,2.7,6.7,8.1,19.4,6.7,15.3,2.6,6.8,2006
Cleveland Cavaliers,17.2,28.8,2.9,8,2.5,7,6.1,15.7,5.5,15.5,2.1,5.8,2006
Dallas Mavericks,13.6,23.1,2.5,6.2,3.9,9.1,8.6,18.7,6.4,16.2,1.7,4.7,2006
Denver Nuggets,20.4,33,2.5,6.3,2.3,5.8,5.9,16.1,4.9,14,2.6,7.3,2006
Detroit Pistons,14.3,24.3,3.1,7.4,4.3,10.4,7.4,18,4.1,11.2,2.7,7.4,2006
Golden State Warriors,21.1,34.9,2.1,5.7,1.6,4.6,4.8,12.3,6.4,16.8,3.8,11.1,2006
Houston Rockets,13.3,23.4,4.3,10.1,2.5,6.5,5.1,12.1,6.4,16.1,3.8,11.3,2006
Indiana Pacers,14.6,25.9,3.5,8.5,3.3,8.9,6,15.5,4.9,13.3,2.7,7.6,2006
Los Angeles Clippers,13,21.7,4.5,9.7,4.8,11.5,7,17.7,4,10.5,1.9,5.7,2006
Los Angeles Lakers,17.4,29.1,3,7.3,2.6,6,5.6,13.3,5.4,13.8,3.9,11.3,2006
Memphis Grizzlies,17.2,29.5,3.5,8.4,2.5,6.1,4.6,11.5,5.2,12.4,3.6,10.2,2006
Miami Heat,16.1,25.8,3.7,8.7,2.1,5.2,5.6,14.3,5.2,13.6,2.9,8.5,2006
Milwaukee Bucks,19.2,32.9,2.9,6.8,2.6,6.5,5.6,14.3,4.4,11.4,3.4,9.8,2006
Minnesota Timberwolves,13.6,23.1,3.5,8.2,3.5,8,8.2,19.5,5.8,14.9,1.8,5.1,2006
New Jersey Nets,15.9,27.6,2.1,5.1,1.5,4,6.4,15.3,6.9,18,2.6,7.3,2006
New Orleans/Oklahoma City Hornets,16.9,29.4,3.8,9.5,2.5,7.1,5.7,14.9,5.4,14.7,1.9,5.5,2006
New York Knicks,19.5,33.4,3.1,7.8,1.5,4.2,3.9,11.2,5.4,14.1,2,6.3,2006
Orlando Magic,18,29,3.5,8.9,2.2,6.1,5,13,4.6,11.7,1.7,5.2,2006
Philadelphia 76ers,16.3,27.3,2.6,7,3.8,10.1,7.9,19.3,3.2,8.5,1.9,5.5,2006
Phoenix Suns,18,27.3,3.4,7.3,2.5,5.9,5.9,14.2,7.6,18.2,3.9,10.5,2006
Portland Trail Blazers,15.5,27.2,3.3,7.9,2.3,6.3,5.7,13.5,7.3,19.3,1.1,3.5,2006
Sacramento Kings,15.4,26.4,3.4,8.4,1.9,4.8,5.8,14.5,6.8,17.9,2.6,7.5,2006
San Antonio Spurs,16.3,26,3.5,8.2,2.5,6.2,5.2,13.5,6.7,16.5,2.3,6.5,2006
Seattle SuperSonics,16.3,27.5,4.6,10.7,3.4,8.6,5,12.6,4.4,11.6,3.5,9.4,2006
Toronto Raptors,14.5,23.9,3,6.9,2.5,6.7,7.3,17.8,8,18.9,1.6,5.2,2006
Utah Jazz,18.5,30.6,2.3,6.2,2.6,6.3,6.5,15.9,6,15.1,1.6,4.6,2006
Washington Wizards,16.6,28.5,2.6,6,1.7,4.7,6.8,17.1,5.9,15.5,3.7,10.8,2006
Atlanta Hawks,17.1,30.2,2.5,7.3,2.5,6.7,6.7,16.3,4.6,11.5,2.5,6.7,2005
Boston Celtics,17.1,29.6,2.1,5.7,2.5,6.2,6,14.4,6.3,15.2,2,5.7,2005
Charlotte Bobcats,16.3,29.2,3.3,8.2,2,6,7.1,18.9,5.5,14.7,1.8,6,2005
Chicago Bulls,14,25.8,2.9,7,2.9,6.9,7,17.3,6.8,16.3,3.1,8.6,2005
Cleveland Cavaliers,18,30.3,2.4,6.5,2.1,5.8,4.9,12.9,6,16.2,2.1,5.9,2005
Dallas Mavericks,13.7,24.5,3.7,8.9,4.3,10.5,7.8,17.4,4.9,11.4,1.5,4.8,2005
Denver Nuggets,19,31.5,2,5.6,2.2,5.8,7.9,20.2,5,13.2,1.4,4.7,2005
Detroit Pistons,13.5,22.4,2.4,6,4.4,10.4,7.8,19.7,4.8,11.9,3.5,9.4,2005
Golden State Warriors,17,29.6,2.3,6.4,1.6,5,5.3,13.6,6,16.3,3.8,11.5,2005
Houston Rockets,13.4,23.5,3.9,9.4,2.4,6.7,5.8,14.3,5.1,14.4,2.4,7.8,2005
Indiana Pacers,14.8,25.5,2.9,7,2.7,7.7,5.5,13.6,5.3,14.1,2.7,8.4,2005
Los Angeles Clippers,12.9,22,5.1,11.2,6,12.7,7.1,17.5,3.7,9.8,1.7,5.1,2005
Los Angeles Lakers,15.7,26.5,3.3,7.8,2.5,6.5,5.7,14.1,5.6,14.4,3.7,10.9,2005
Memphis Grizzlies,15.9,27.4,2.9,7.9,1.7,5.2,3.7,10.1,6.8,17,2.4,6.7,2005
Miami Heat,19.1,29.4,3.6,9.5,1.8,5.2,5.3,12.9,5.1,14.1,2.1,6,2005
Milwaukee Bucks,17.1,30.8,2.7,7.1,3,7.7,5.9,14.8,4.4,10.9,3.2,8.5,2005
Minnesota Timberwolves,14.2,24.2,3.1,7,3.3,8.2,7.3,18.1,5.6,14.4,1.6,5,2005
New Jersey Nets,13.8,24.9,2.7,6.9,2,5.4,7.2,16.6,6,15.7,2.1,6.9,2005
New Orleans/Oklahoma City Hornets,15.6,28.4,2.7,7.4,2.7,7.3,8.1,20.1,4.4,11.5,1.1,3.5,2005
New York Knicks,17.8,31.9,3.6,9.3,2.3,6.2,4.9,13,4.6,11.4,1.2,3.5,2005
Orlando Magic,17,29.3,2.7,7.1,2.8,7.2,6.5,15.7,4.9,10.9,1.6,4.7,2005
Philadelphia 76ers,16.7,28.8,3.8,9.4,3.4,8.6,7.1,17.5,3.6,9.1,2.1,6.2,2005
Phoenix Suns,15.3,23.6,2.6,6.5,2.7,6.5,7.8,17.9,9.3,21.9,4.1,10.8,2005
Portland Trail Blazers,15.5,27.2,2.7,7.5,2.2,5.3,5.9,15,6.8,17.9,1.1,3.8,2005
Sacramento Kings,15.1,24.6,2.9,7,1.4,3.9,7,17.3,7.8,20.1,1.8,6,2005
San Antonio Spurs,17,27.3,3.9,10,2.5,6.4,4.9,13.2,6.7,15.7,1.5,4.5,2005
Seattle SuperSonics,15.8,27.5,4,9.3,3.1,7.8,5.3,12.9,5.5,13.6,3.8,10.3,2005
Toronto Raptors,14.1,24.4,3.9,9.2,2.8,7.5,6.1,14.4,7.4,18.3,2.6,6.9,2005
Utah Jazz,16.1,28.3,1.8,5.4,2.4,6,5.9,16.4,5.9,15.5,1.3,4,2005
Washington Wizards,16.7,28.4,2.9,8.2,2.2,5.5,5.5,14.5,5.5,14.8,3.4,9.3,2005
Atlanta Hawks,18.7,33.5,2.6,8.1,2.6,8,6.5,16.2,3.7,9.7,1.7,5.4,2004
Boston Celtics,18.8,32.3,2.3,6,2.5,6.5,6.5,15,5.2,13.7,1.9,5.5,2004
Charlotte Bobcats,14.6,26.3,3.7,9.9,3.1,9,8.5,21.9,4.9,12.4,1.3,3.8,2004
Chicago Bulls,14.2,26.1,3.6,9.3,2.9,8,5.8,15,5.1,12.9,3,8.7,2004
Cleveland Cavaliers,16.8,28.9,4,9.6,3.6,9.6,6.5,17.7,4.5,12.1,1.1,3.4,2004
Dallas Mavericks,15,25.8,3.6,8.4,3.4,8.9,7.8,18.6,5.7,14.4,1.7,5.1,2004
Denver Nuggets,19.1,31.2,2.3,6.4,2.4,6.5,7.3,19.7,4.8,12.7,1.1,3.6,2004
Detroit Pistons,15,26.9,3,7.4,4.6,11,6.4,17,3.3,8.8,2.4,6.8,2004
Golden State Warriors,16,28.3,2.3,6.7,2.1,5.8,6.4,17.4,6.7,17.2,3.4,10.1,2004
Houston Rockets,12.4,21.5,4,8.9,2.8,7.2,5.8,14.6,7.3,17.7,2.6,8,2004
Indiana Pacers,13.2,23.8,2.9,7,3,7.6,5.3,13.5,5.5,14.5,2.6,8.4,2004
Los Angeles Clippers,14.7,25.5,4.2,9.4,3.8,9.1,7.1,18,4.8,11.8,1.1,3.6,2004
Los Angeles Lakers,15.9,28.7,3,7.4,2.1,5.7,4.6,11.7,5.8,15.8,3.9,10.9,2004
Memphis Grizzlies,17,30.3,2.9,7.9,1.9,5,4,11.1,6.4,15.8,2,6,2004
Miami Heat,18.1,28.5,3.4,8.2,2.2,6.1,6.6,15.4,5.6,14.3,1.8,4.9,2004
Milwaukee Bucks,16.2,29.7,2.6,7.1,4.4,10.5,7.4,17.7,3.3,9,2.2,6,2004
Minnesota Timberwolves,12.1,20,4,9.4,4.9,11.2,7.7,18.5,6.8,16,1.7,5.4,2004
New Jersey Nets,12.4,23.6,2.9,7.3,2.4,6.9,7.5,17.9,6.6,17,1.7,5.1,2004
New Orleans Hornets,13.6,25.7,2.3,6.3,2.6,7,7.4,18.7,5.6,16.6,1.7,5.5,2004
New York Knicks,15.3,26.8,3.3,8.6,2.7,6.7,7.2,18.3,5.8,13.7,2,5.8,2004
Orlando Magic,16.6,28.8,2.5,6.5,3.7,9.5,7.6,19,4.4,11.4,2.2,6,2004
Philadelphia 76ers,16.5,29,2.7,7.3,2.9,8.1,6,16.2,4.8,12.1,2.9,9,2004
Phoenix Suns,17.1,27.3,3.6,8.6,3.2,7.8,5.8,13.7,7.2,17.1,3.9,10.7,2004
Portland Trail Blazers,17.7,30.3,3.2,8.6,2.2,6.5,4.9,13,6,15.2,1.5,4.7,2004
Sacramento Kings,14.8,24.7,3.4,7.8,1.6,4.6,9.1,21.7,8.2,20,1.9,5.9,2004
San Antonio Spurs,17,28.4,4,10.4,2.7,7.1,4.4,12.3,6.3,15.9,1.2,4.3,2004
Seattle SuperSonics,14.9,26.5,3.4,8.1,2.8,7.1,4.4,11.7,6.2,15.2,3.4,10.2,2004
Toronto Raptors,13.7,25,3.3,7.9,3.1,8.1,6.3,15.1,7,17.2,2.6,7.4,2004
Utah Jazz,15.8,27.7,2,5.3,2.8,7.8,6.8,17.6,6.4,15.8,0.7,2.3,2004
Washington Wizards,16.5,27.9,3.2,9.9,2.7,7.7,4.7,13.1,5.5,13.7,3.5,10.2,2004
Atlanta Hawks,15.1,27.2,3.2,8.7,3.2,9,6.2,15.5,4.5,12,2.3,7.1,2003
Boston Celtics,14.5,25.6,2.5,6.5,2.8,6.9,6.2,15,6.1,15.7,2.6,8.1,2003
Chicago Bulls,13.3,25.5,3.4,8.5,3,8.5,7.2,19.3,5.1,12.8,2.3,7.1,2003
Cleveland Cavaliers,16.8,30.6,3.6,9.8,4.7,12,6.3,17.1,3.2,9.1,1,3.4,2003
Dallas Mavericks,17.2,28.6,4.5,11.1,3.4,8.1,6.9,17,6.5,17,1.9,6,2003
Denver Nuggets,17.7,30.4,2.6,7.1,2.8,7.5,7.1,19.4,4.8,12.8,1.5,4.7,2003
Detroit Pistons,15.6,28.3,3.4,9.7,4.3,10.6,5,13.7,3.1,8.2,2.1,6.3,2003
Golden State Warriors,16.3,27.8,3.4,9.4,2.5,7.1,6.2,15.5,4.1,11.4,2.5,7.8,2003
Houston Rockets,13,22.3,3.5,9.5,3.2,8.3,5.3,13.2,5.6,14.2,2.8,7.7,2003
Indiana Pacers,14.4,25.8,3.1,8.4,3.4,9.3,5.9,14.9,4.2,11.2,2.5,7.1,2003
Los Angeles Clippers,16.8,30,3.8,9.8,2.7,7.8,4.8,14.4,3.8,10.7,2.4,7.2,2003
Los Angeles Lakers,17.8,28.8,3.6,9.5,2.8,7.9,6.2,16.3,4.5,12.3,2.1,6.4,2003
Memphis Grizzlies,17.8,30.4,4.2,11.1,2.1,6.1,4.7,13.1,5.1,12.8,2.3,7.2,2003
Miami Heat,14.1,26,3.4,8.5,2.1,6.6,6.1,16.1,5.9,15.9,1.7,5.1,2003
Milwaukee Bucks,16.4,29,3.9,9.3,4.2,11.2,5.5,14.3,3.6,9.8,2.7,7.4,2003
Minnesota Timberwolves,11.4,18.9,4,9.4,5.6,12.9,9.3,21.8,5.4,12.7,1.2,4.1,2003
New Jersey Nets,16.3,27.5,2.4,6.9,2.3,6.4,6.5,17,5.5,14.7,1.3,4.7,2003
New Orleans Hornets,14.2,25.7,2.6,7.2,2.7,7.6,6.1,15.2,6.3,17.7,2,6.9,2003
New York Knicks,12.9,23.2,4,9.7,4.5,10.7,7.2,17.8,4.9,12.8,1.6,4.8,2003
Orlando Magic,12.6,23.6,3.8,9.2,3.5,9,7.6,18.9,5.2,13.6,2.7,7.9,2003
Philadelphia 76ers,14.5,26.5,2.9,7.9,3.7,10.4,6.2,16.3,3.8,9.8,1.6,5.2,2003
Phoenix Suns,16.5,28.5,4,9.2,3,9,5.9,15.6,5.2,13,1.5,5.7,2003
Portland Trail Blazers,15.7,27.1,4,10,3.6,8.5,5.2,14,5.6,14.6,1.3,4.4,2003
Sacramento Kings,15.5,25.8,2.4,7.3,1.9,5.1,7.8,18.5,8,19.1,2.2,5.7,2003
San Antonio Spurs,15.8,26.9,3.7,10.7,3.1,8.3,5.5,14.6,5.2,13.8,1.4,4.1,2003
Seattle SuperSonics,14.4,24.2,3.3,8.2,3.1,7.8,4.3,12,6.7,16.5,4.1,11.2,2003
Toronto Raptors,11.9,21.1,3.1,7.9,3.1,9,6.3,17.9,6.6,17.3,1.2,3.9,2003
Utah Jazz,15.5,28.8,1.7,4.5,2.1,5.9,6,16.3,6.8,16.8,0.8,2.8,2003
Washington Wizards,16.1,28.7,2.9,8.9,2.5,7.7,4.7,13.6,4.7,12.2,2.8,8.6,2003
Atlanta Hawks,13.4,23.8,3.7,9.8,4.7,10.8,7,17.2,3.9,10,2.2,6.7,2002
Boston Celtics,14,24.5,2.7,7.9,2.2,6.7,4,11.1,6.4,17.7,3.6,11.1,2002
Chicago Bulls,16.6,28.9,4.6,11.5,3.6,9.7,5.5,14.9,4.1,11,2,5.5,2002
Cleveland Cavaliers,16.2,29.2,3,8.9,4,11.2,7,19.3,3.4,9.8,1.1,3.4,2002
Dallas Mavericks,14.6,24.6,3.5,8.2,3.6,9.2,6.4,16.5,8.3,20.5,2.2,6.3,2002
Denver Nuggets,14.6,26.6,3.5,10.7,2.9,7.8,7.2,19.5,3.5,10.9,1.1,4.1,2002
Detroit Pistons,12.5,22.5,3.3,8,3.2,8.5,5.9,15.4,4.3,11.5,3.7,10.4,2002
Golden State Warriors,16.6,28.8,4.3,11.6,3.1,7.9,6,16.2,4.9,13,2.4,7,2002
Houston Rockets,15.3,26.1,3.6,9.4,2.9,8,5.1,13.2,5.1,14.1,2.7,7.6,2002
Indiana Pacers,15.5,26.4,3.4,9.2,3.8,10.3,6.2,16.5,3.9,10.6,2.7,7.4,2002
Los Angeles Clippers,16,28,5,12.5,2.8,8.7,4.3,11,3.5,10.2,2.9,8.3,2002
Los Angeles Lakers,15.9,25.7,4.3,11.2,3,8.7,6.1,15.2,5.5,14.6,2.8,7.8,2002
Memphis Grizzlies,15.3,25.7,4.9,12.1,3.1,8.3,6.1,14.9,5.2,13.5,2.6,7.3,2002
Miami Heat,12.1,22.3,3,7.8,3.4,9.1,8,21.1,4.9,14.8,1.4,4,2002
Milwaukee Bucks,14,24.1,3.5,8.7,5.3,12.4,5.8,14.2,5,12.6,3.5,9,2002
Minnesota Timberwolves,13.8,22.5,4.5,10.7,4.3,10.1,9.1,21.8,5.4,13.5,1.5,4.2,2002
New Jersey Nets,17.2,29.1,3.2,8.8,2.3,6.7,6.3,17.3,5,13.7,1.4,4.4,2002
New Orleans Hornets,13.9,25.4,3.2,8.1,4.6,11.2,6.8,18.3,5.7,13.9,1.5,4.6,2002
New York Knicks,10.7,20.1,4,9.1,5.2,12.1,6.9,17,7,17,2.3,6.5,2002
Orlando Magic,14.2,25.8,1.8,4.9,2.2,5.6,7.6,18.8,6.9,17.8,3.3,9.2,2002
Philadelphia 76ers,18.5,32.3,3.5,9.1,3.5,10.6,6.2,15.9,3.1,7.8,1.5,5,2002
Phoenix Suns,16.4,29.3,3.7,9.6,3.3,8.6,6.6,16.4,5.3,13.9,1.2,4.4,2002
Portland Trail Blazers,17.3,28.4,3.7,9.3,3.4,8.1,5.2,13.6,5.6,15.4,1.2,4.2,2002
Sacramento Kings,16.7,26.7,3.5,9.4,2.3,6,7.9,19.4,7.6,18.5,1.5,4.8,2002
San Antonio Spurs,17.4,29,4,9.5,3.1,8.1,4.3,11.7,5.4,14,1.3,4.3,2002
Seattle SuperSonics,14,24.2,3.8,10,3.1,7.6,6.5,17.2,5.2,14,2.5,7.1,2002
Toronto Raptors,13.9,24.7,3.4,8.9,3.2,8.5,6.4,17.6,5.8,14.8,2,6.4,2002
Utah Jazz,16.8,27.7,2.1,6.1,2.9,7.7,8.1,19.9,4.6,11.6,0.8,2.4,2002
Washington Wizards,12.1,21,2.3,7.2,4.8,11.6,9.4,22.7,4.3,10.6,1.4,4.8,2002
